{"address_1":"324 Columbus Ave #1 New York, NY 10023","cached_lat":40.7803123,"cached_lng":-73.9793079}
